Department,Catalog Number,Container Name,Tissue,Species,Sex,Treatment,Extracted?,Notes,TapeStation Concentration (ng/µL),RIN #,260/280,260/230,NanoDrop Concentration (ng/µL),R1name,R2name,R1_perc_unique,R1_perc_dup,R2_perc_unique,R2_perc_dup,read_count_total,read_dup_perc_total,GC,MeanTemp_HDtoD75,SDofMeanTemp_HDtoD75,MinTemp_HDtoD75,MaxTemp_HDtoD75,PercentTemp_over_40_HDtoD75
Orn,367058,1008PLACE6045,brain,Thryomanes bewickii,M,Control,2025-10-06T00:00:00Z,Concentration too high,523.0,9.4,NA,NA,NA,P759_MLaub_A01v1_367058_brain_S1_R1_001.fastq.gz,P759_MLaub_A01v1_367058_brain_S1_R2_001.fastq.gz,41.53772964371206,58.46227035628794,45.05044063547987,54.94955936452013,69938726,56.70591486040405,51,36.44814815,2.208502359,22.5,40.5,4.567901235
Orn,367058,1008PLACE6046,heart,Thryomanes bewickii,M,Control,2025-10-06T00:00:00Z,NA,139.0,9,NA,NA,NA,P759_MLaub_B01v1_367058_heart_S2_R1_001.fastq.gz,P759_MLaub_B01v1_367058_heart_S2_R2_001.fastq.gz,30.420636869528636,69.57936313047136,31.26925956954136,68.73074043045864,73846590,69.155051780465,51,36.44814815,2.208502359,22.5,40.5,4.567901235
Orn,367058,1008PLACE6039,kidney,Thryomanes bewickii,M,Control,2025-10-06T00:00:00Z,Upper ribsomal fragment has degraded,107.0,3.8,NA,NA,NA,P759_MLaub_C01v1_367058_kidney_S3_R1_001.fastq.gz,P759_MLaub_C01v1_367058_kidney_S3_R2_001.fastq.gz,30.499947329916424,69.50005267008358,30.783073964977177,69.21692603502282,25615688,69.35848935255319,53,36.44814815,2.208502359,22.5,40.5,4.567901235
Orn,367058,1008PLACE6042,liver,Thryomanes bewickii,M,Control,2025-10-06T00:00:00Z,Concentration too high,391*2,6.9,NA,NA,NA,P759_MLaub_D01v1_367058_liver_S4_R1_001.fastq.gz,P759_MLaub_D01v1_367058_liver_S4_R2_001.fastq.gz,28.88867929195807,71.11132070804193,28.611428188329256,71.38857181167074,65684606,71.24994625985633,50,36.44814815,2.208502359,22.5,40.5,4.567901235
Orn,367058,1008PLACE6043,muscle,Thryomanes bewickii,M,Control,2025-10-06T00:00:00Z,NA,131.0,9.6,NA,NA,NA,P759_MLaub_E01v1_367058_muscle_S5_R1_001.fastq.gz,P759_MLaub_E01v1_367058_muscle_S5_R2_001.fastq.gz,26.152591346409224,73.84740865359078,26.263694199290967,73.73630580070903,80050192,73.7918572271499,52,36.44814815,2.208502359,22.5,40.5,4.567901235
Orn,367060,1008PLACE6074,brain,Thryomanes bewickii,M,Control,2025-10-09T00:00:00Z,NA,201.0,9,2.06,1.63,223.8,P759_MLaub_F01v1_367060_brain_S6_R1_001.fastq.gz,P759_MLaub_F01v1_367060_brain_S6_R2_001.fastq.gz,36.62064121991792,63.37935878008208,43.06116400604097,56.93883599395903,103299200,60.15909738702055,49,37.65964617,1.602721403,23.5,41,1.769165965
Orn,367060,1008PLACE6079,heart,Thryomanes bewickii,M,Control,2025-10-09T00:00:00Z,NA,166.0,8.7,2.0,1.51,178.2,P759_MLaub_G01v1_367060_heart_S7_R1_001.fastq.gz,P759_MLaub_G01v1_367060_heart_S7_R2_001.fastq.gz,33.91336751967802,66.08663248032198,34.01854151290779,65.98145848709221,32749899.999999996,66.0340454837071,53,37.65964617,1.602721403,23.5,41,1.769165965
Orn,367060,1008PLACE6078,kidney,Thryomanes bewickii,M,Control,2025-10-09T00:00:00Z,"Concentration too low, Upper ribsomal fragment has degraded",19.0,6.7,1.53,0.72,44.9,P759_MLaub_H01v1_367060_kidney_S8_R1_001.fastq.gz,P759_MLaub_H01v1_367060_kidney_S8_R2_001.fastq.gz,35.41058920242273,64.58941079757727,36.56107587177371,63.43892412822629,72160947.99999999,64.01416746290178,51,37.65964617,1.602721403,23.5,41,1.769165965
Orn,367060,1008PLACE6081,liver,Thryomanes bewickii,M,Control,2025-10-09T00:00:00Z,NA,388.0,8.5,1.98,1.36,370.8,P759_MLaub_A02v1_367060_liver_S9_R1_001.fastq.gz,P759_MLaub_A02v1_367060_liver_S9_R2_001.fastq.gz,24.967784683782583,75.03221531621742,25.00696308457185,74.99303691542815,59876824,75.01262611582278,51,37.65964617,1.602721403,23.5,41,1.769165965
Orn,367060,1008PLACE6080,muscle,Thryomanes bewickii,M,Control,2025-10-09T00:00:00Z,NA,180.0,9.2,1.96,1.61,164.6,P759_MLaub_B02v1_367060_muscle_S10_R1_001.fastq.gz,P759_MLaub_B02v1_367060_muscle_S10_R2_001.fastq.gz,28.443837224503056,71.55616277549694,28.061507724606045,71.93849227539395,59354966,71.74732752544544,52,37.65964617,1.602721403,23.5,41,1.769165965
Orn,367061,1008PLACE6090,brain,Thryomanes bewickii,F,Heat,2025-10-10T00:00:00Z,NA,260.0,9.4,2.03,0.94,240.2,P759_MLaub_C02v1_367061_brain_S11_R1_001.fastq.gz,P759_MLaub_C02v1_367061_brain_S11_R2_001.fastq.gz,41.42296235052066,58.57703764947934,43.3924721279222,56.6075278720778,81853296,57.59228276077858,51,39.06273654,1.499197055,23,42.5,27.94759825
Orn,367061,1008PLACE6088,heart,Thryomanes bewickii,F,Heat,2025-10-10T00:00:00Z,NA,57.0,8.4,1.87,0.62,90.3,P759_MLaub_D02v1_367061_heart_S12_R1_001.fastq.gz,P759_MLaub_D02v1_367061_heart_S12_R2_001.fastq.gz,30.19232069978496,69.80767930021504,31.102766216401648,68.89723378359835,84882652,69.3524565419067,50,39.06273654,1.499197055,23,42.5,27.94759825
Orn,367061,1008PLACE6082,kidney,Thryomanes bewickii,F,Heat,2025-10-10T00:00:00Z,Concentration too low,11.9,8.1,1.86,0.39,94.6,P759_MLaub_E02v1_367061_kidney_S13_R1_001.fastq.gz,P759_MLaub_E02v1_367061_kidney_S13_R2_001.fastq.gz,37.03377763008088,62.96622236991912,38.73977186891077,61.26022813108923,84558628,62.113225250504165,49,39.06273654,1.499197055,23,42.5,27.94759825
Orn,367061,1008PLACE6084,liver,Thryomanes bewickii,F,Heat,2025-10-10T00:00:00Z,NA,75.6,8.7,1.7,0.59,143.8,P759_MLaub_F02v1_367061_liver_S14_R1_001.fastq.gz,P759_MLaub_F02v1_367061_liver_S14_R2_001.fastq.gz,27.262586792940223,72.73741320705977,27.260349975523297,72.7396500244767,68666874,72.73853161576822,50,39.06273654,1.499197055,23,42.5,27.94759825
Orn,367061,1008PLACE6085,muscle,Thryomanes bewickii,F,Heat,2025-10-10T00:00:00Z,NA,147.0,9.4,1.95,1.31,201.6,P759_MLaub_G02v1_367061_muscle_S15_R1_001.fastq.gz,P759_MLaub_G02v1_367061_muscle_S15_R2_001.fastq.gz,29.178197583066293,70.8218024169337,29.220406262783968,70.77959373721603,67713488,70.80069807707487,52,39.06273654,1.499197055,23,42.5,27.94759825
Orn,367062,1008PLACE6121,brain,Thryomanes bewickii,F,Control,2025-10-10T00:00:00Z,NA,281.0,9.2,2.01,0.86,289.8,P759_MLaub_H02v1_367062_brain_S16_R1_001.fastq.gz,P759_MLaub_H02v1_367062_brain_S16_R2_001.fastq.gz,42.724844651613026,57.275155348386974,45.496296094789166,54.503703905210834,73309278,55.8894296267989,50,36.95833333,2.46671771,29,39.5,0
Orn,367062,1008PLACE6120,heart,Thryomanes bewickii,F,Control,2025-10-10T00:00:00Z,NA,37.4,7.2,1.83,0.39,58.3,P759_MLaub_A03v1_367062_heart_S17_R1_001.fastq.gz,P759_MLaub_A03v1_367062_heart_S17_R2_001.fastq.gz,30.512152240476624,69.48784775952338,31.49665781107109,68.50334218892891,67517898,68.99559497422614,50,36.95833333,2.46671771,29,39.5,0
Orn,367062,1008PLACE6115,kidney,Thryomanes bewickii,F,Control,2025-10-10T00:00:00Z,NA,61.3,9.4,1.74,0.85,99.8,P759_MLaub_B03v1_367062_kidney_S18_R1_001.fastq.gz,P759_MLaub_B03v1_367062_kidney_S18_R2_001.fastq.gz,35.82274300468282,64.17725699531718,37.61679462012923,62.38320537987077,79771920,63.28023118759397,50,36.95833333,2.46671771,29,39.5,0
Orn,367062,1008PLACE6118,liver,Thryomanes bewickii,F,Control,2025-10-10T00:00:00Z,Diluted by half for tapestation,956.0,8.1,2.05,1.71,923.8,P759_MLaub_C03v1_367062_liver_S19_R1_001.fastq.gz,P759_MLaub_C03v1_367062_liver_S19_R2_001.fastq.gz,28.03574768384081,71.96425231615919,27.72836208520269,72.27163791479731,73419100,72.11794511547825,50,36.95833333,2.46671771,29,39.5,0
Orn,367062,1008PLACE6122,muscle,Thryomanes bewickii,F,Control,2025-10-10T00:00:00Z,NA,103.0,8.6,1.85,0.56,142.3,P759_MLaub_D03v1_367062_muscle_S20_R1_001.fastq.gz,P759_MLaub_D03v1_367062_muscle_S20_R2_001.fastq.gz,28.278171025445772,71.72182897455423,28.686121211605652,71.31387878839435,89444130,71.5178538814743,52,36.95833333,2.46671771,29,39.5,0
Orn,367064,1008PLACE6156,brain,Thryomanes bewickii,M,Heat,2025-10-13T00:00:00Z,NA,199.0,9.8,2.0,0.98,219.5,P759_MLaub_E03v1_367064_brain_S21_R1_001.fastq.gz,P759_MLaub_E03v1_367064_brain_S21_R2_001.fastq.gz,44.74587309790083,55.25412690209917,47.79628734617282,52.20371265382718,77423098,53.72891977796318,50,37.17024042,1.905237468,30.5,41.5,10.26640676
Orn,367064,1008PLACE6155,heart,Thryomanes bewickii,M,Heat,2025-10-13T00:00:00Z,NA,39.3,9.1,1.78,0.28,48.4,P759_MLaub_F03v1_367064_heart_S22_R1_001.fastq.gz,P759_MLaub_F03v1_367064_heart_S22_R2_001.fastq.gz,32.60378606066652,67.39621393933348,33.546791075576635,66.45320892442336,70581921.99999999,66.92471143187844,50,37.17024042,1.905237468,30.5,41.5,10.26640676
Orn,367064,1008PLACE6154,kidney,Thryomanes bewickii,M,Heat,2025-10-13T00:00:00Z,NA,153.0,9.2,1.95,0.41,184.6,P759_MLaub_G03v1_367064_kidney_S23_R1_001.fastq.gz,P759_MLaub_G03v1_367064_kidney_S23_R2_001.fastq.gz,38.028681058260815,61.971318941739185,40.00181939268431,59.99818060731569,84864084,60.98474977452744,50,37.17024042,1.905237468,30.5,41.5,10.26640676
Orn,367064,1008PLACE6151,liver,Thryomanes bewickii,M,Heat,2025-10-13T00:00:00Z,Concentration too low,10.9,9,1.57,0.16,43.1,P759_MLaub_H03v1_367064_liver_S24_R1_001.fastq.gz,P759_MLaub_H03v1_367064_liver_S24_R2_001.fastq.gz,30.939085470989028,69.06091452901097,30.70308775533539,69.29691224466461,78826596,69.17891338683779,50,37.17024042,1.905237468,30.5,41.5,10.26640676
Orn,367064,1008PLACE6150,muscle,Thryomanes bewickii,M,Heat,2025-10-13T00:00:00Z,NA,92.8,8.9,1.85,0.83,104.4,P759_MLaub_A04v1_367064_muscle_S25_R1_001.fastq.gz,P759_MLaub_A04v1_367064_muscle_S25_R2_001.fastq.gz,30.52546280293234,69.47453719706766,31.770258164345503,68.2297418356545,74567704,68.85213951636109,50,37.17024042,1.905237468,30.5,41.5,10.26640676
Orn,367067,1008PLACE6174,brain,Thryomanes bewickii,F,Control,2025-10-13T00:00:00Z,NA,315.0,9.3,2.03,1.35,262.9,P759_MLaub_B04v1_367067_brain_S26_R1_001.fastq.gz,P759_MLaub_B04v1_367067_brain_S26_R2_001.fastq.gz,42.55341175154811,57.44658824845189,43.97426084573565,56.02573915426435,78432550,56.73616370135812,51,35.3200569,4.667656671,21.5,40.5,5.405405405
Orn,367067,1008PLACE6173,heart,Thryomanes bewickii,F,Control,2025-10-13T00:00:00Z,NA,52.3,8.4,1.74,0.45,91.7,P759_MLaub_C04v1_367067_heart_S27_R1_001.fastq.gz,P759_MLaub_C04v1_367067_heart_S27_R2_001.fastq.gz,28.32019650452372,71.67980349547628,28.941651550318483,71.05834844968152,78043448,71.36907597257888,50,35.3200569,4.667656671,21.5,40.5,5.405405405
Orn,367067,1008PLACE6172,kidney,Thryomanes bewickii,F,Control,2025-10-13T00:00:00Z,NA,153.0,7.1,2.01,1.19,424.7,P759_MLaub_D04v1_367067_kidney_S28_R1_001.fastq.gz,P759_MLaub_D04v1_367067_kidney_S28_R2_001.fastq.gz,35.29913661715098,64.70086338284902,35.94151627885199,64.05848372114801,75913248,64.37967355199851,51,35.3200569,4.667656671,21.5,40.5,5.405405405
Orn,367067,1008PLACE6169,liver,Thryomanes bewickii,F,Control,2025-10-13T00:00:00Z,NA,360*2,8.2,2.07,1.3,633.4,P759_MLaub_E04v1_367067_liver_S29_R1_001.fastq.gz,P759_MLaub_E04v1_367067_liver_S29_R2_001.fastq.gz,28.991668042748557,71.00833195725144,29.0802584496668,70.9197415503332,83424914,70.96403675379233,51,35.3200569,4.667656671,21.5,40.5,5.405405405
Orn,367067,1008PLACE6168,muscle,Thryomanes bewickii,F,Control,2025-10-13T00:00:00Z,NA,78.8,9,1.83,0.58,151.1,P759_MLaub_F04v1_367067_muscle_S30_R1_001.fastq.gz,P759_MLaub_F04v1_367067_muscle_S30_R2_001.fastq.gz,26.24038626129187,73.75961373870813,25.736015481053187,74.26398451894681,73114380,74.01179912882748,51,35.3200569,4.667656671,21.5,40.5,5.405405405
Orn,367068,1008PLACE6183,brain,Myiarchus cinerascens,M,Heat,2025-10-15T00:00:00Z,NA,411.0,6.5,2.12,1.53,534.6,P759_MLaub_G04v1_367068_brain_S31_R1_001.fastq.gz,P759_MLaub_G04v1_367068_brain_S31_R2_001.fastq.gz,38.38511353591569,61.61488646408431,40.81851282054756,59.18148717945244,91188378,60.39818682176836,49,37.63030549,2.530409576,26.5,42.5,18.03190051
Orn,367068,1008PLACE6182,heart,Myiarchus cinerascens,M,Heat,2025-10-15T00:00:00Z,Upper ribsomal fragment has degraded,48.4,5,1.86,0.4,83.9,P759_MLaub_H04v1_367068_heart_S32_R1_001.fastq.gz,P759_MLaub_H04v1_367068_heart_S32_R2_001.fastq.gz,24.746337279598663,75.25366272040134,24.74037151452957,75.25962848547043,86743400,75.25664560293588,49,37.63030549,2.530409576,26.5,42.5,18.03190051
Orn,367068,1008PLACE6181,kidney,Myiarchus cinerascens,M,Heat,2025-10-15T00:00:00Z,NA,68.5,9,1.76,0.51,97.5,P759_MLaub_A05v1_367068_kidney_S33_R1_001.fastq.gz,P759_MLaub_A05v1_367068_kidney_S33_R2_001.fastq.gz,33.273461341366826,66.72653865863317,35.25652811756699,64.74347188243301,76431222,65.73500527053311,49,37.63030549,2.530409576,26.5,42.5,18.03190051
Orn,367068,1008PLACE6178,liver,Myiarchus cinerascens,M,Heat,2025-10-15T00:00:00Z,NA,312*2,5.6,2.08,1.3,847.4,P759_MLaub_B05v1_367068_liver_S34_R1_001.fastq.gz,P759_MLaub_B05v1_367068_liver_S34_R2_001.fastq.gz,22.371778740528825,77.62822125947118,22.43151301364908,77.56848698635092,82166463.99999999,77.59835412291105,48,37.63030549,2.530409576,26.5,42.5,18.03190051
Orn,367068,1008PLACE6177,muscle,Myiarchus cinerascens,M,Heat,2025-10-15T00:00:00Z,NA,113.0,8.9,2.01,1.67,140.0,P759_MLaub_C05v1_367068_muscle_S35_R1_001.fastq.gz,P759_MLaub_C05v1_367068_muscle_S35_R2_001.fastq.gz,26.761353957269066,73.23864604273093,26.71177985249872,73.28822014750128,78561738,73.26343309511611,50,37.63030549,2.530409576,26.5,42.5,18.03190051
Orn,367069,1008PLACE6208,brain,Myiarchus cinerascens,M,Control,2025-10-17T00:00:00Z,NA,302.0,9.2,2.11,0.88,559.0,P759_MLaub_D05v1_367069_brain_S36_R1_001.fastq.gz,P759_MLaub_D05v1_367069_brain_S36_R2_001.fastq.gz,42.74203264162389,57.25796735837611,44.24849510464395,55.75150489535605,70472034,56.504736126866085,50,35.26586345,3.320115188,20.5,41.5,3.427041499
Orn,367069,1008PLACE6207,heart,Myiarchus cinerascens,M,Control,2025-10-17T00:00:00Z,NA,26.3,8.2,1.59,0.74,99.7,P759_MLaub_E05v1_367069_heart_S37_R1_001.fastq.gz,P759_MLaub_E05v1_367069_heart_S37_R2_001.fastq.gz,24.070552918502656,75.92944708149734,24.916545454084854,75.08345454591515,85775508,75.50645081370624,47,35.26586345,3.320115188,20.5,41.5,3.427041499
Orn,367069,1008PLACE6206,kidney,Myiarchus cinerascens,M,Control,2025-10-17T00:00:00Z,NA,63.1,8.8,1.78,0.67,106.1,P759_MLaub_F05v1_367069_kidney_S38_R1_001.fastq.gz,P759_MLaub_F05v1_367069_kidney_S38_R2_001.fastq.gz,32.321205051063174,67.67879494893683,33.55204243304503,66.44795756695497,89225662,67.06337625794589,49,35.26586345,3.320115188,20.5,41.5,3.427041499
Orn,367069,1008PLACE6203,liver,Myiarchus cinerascens,M,Control,2025-10-17T00:00:00Z,NA,388.0,7.4,1.96,1.24,432.6,P759_MLaub_G05v1_367069_liver_S39_R1_001.fastq.gz,P759_MLaub_G05v1_367069_liver_S39_R2_001.fastq.gz,25.011790703902577,74.98820929609742,24.800040470337706,75.1999595296623,88445194,75.09408441287985,49,35.26586345,3.320115188,20.5,41.5,3.427041499
Orn,367069,1008PLACE6202,muscle,Myiarchus cinerascens,M,Control,2025-10-17T00:00:00Z,NA,97.1,8.7,1.95,1.25,132.1,P759_MLaub_H05v1_367069_muscle_S40_R1_001.fastq.gz,P759_MLaub_H05v1_367069_muscle_S40_R2_001.fastq.gz,28.159932893100574,71.84006710689943,28.42057636022753,71.57942363977247,71030818,71.70974537333595,50,35.26586345,3.320115188,20.5,41.5,3.427041499
Orn,367070,1008PLACE6225,brain,Myiarchus cinerascens,M,Heat,2025-10-19T00:00:00Z,NA,252.0,9.1,2.11,1.12,687.0,P759_MLaub_A06v1_367070_brain_S41_R1_001.fastq.gz,P759_MLaub_A06v1_367070_brain_S41_R2_001.fastq.gz,41.61070572943542,58.38929427056458,43.83365288745384,56.16634711254616,76224014,57.27782069155536,51,38.1764307,2.709255545,28.5,44.5,30.18714402
Orn,367070,1008PLACE6224,heart,Myiarchus cinerascens,M,Heat,2025-10-19T00:00:00Z,NA,68.8,7.7,1.89,0.68,100.2,P759_MLaub_B06v1_367070_heart_S42_R1_001.fastq.gz,P759_MLaub_B06v1_367070_heart_S42_R2_001.fastq.gz,27.054049398733667,72.94595060126633,27.182387490337476,72.81761250966252,81533600,72.88178155546443,48,38.1764307,2.709255545,28.5,44.5,30.18714402
Orn,367070,1008PLACE6223,kidney,Myiarchus cinerascens,M,Heat,2025-10-19T00:00:00Z,NA,304.0,8.4,2.1,1.91,971.7,P759_MLaub_C06v1_367070_kidney_S43_R1_001.fastq.gz,P759_MLaub_C06v1_367070_kidney_S43_R2_001.fastq.gz,36.06138087592015,63.93861912407985,36.663637893117915,63.336362106882085,71786312,63.63749061548097,50,38.1764307,2.709255545,28.5,44.5,30.18714402
Orn,367070,1008PLACE6220,liver,Myiarchus cinerascens,M,Heat,2025-10-19T00:00:00Z,Upper ribsomal fragment has degraded,368*3,6.4,2.05,1.5,1532.3,P759_MLaub_D06v1_367070_liver_S44_R1_001.fastq.gz,P759_MLaub_D06v1_367070_liver_S44_R2_001.fastq.gz,20.599534875782027,79.40046512421797,20.08810558598188,79.91189441401812,79776874,79.65617976911807,48,38.1764307,2.709255545,28.5,44.5,30.18714402
Orn,367070,1008PLACE6219,muscle,Myiarchus cinerascens,M,Heat,2025-10-19T00:00:00Z,NA,213.0,8.7,1.92,1.31,264.5,P759_MLaub_E06v1_367070_muscle_S45_R1_001.fastq.gz,P759_MLaub_E06v1_367070_muscle_S45_R2_001.fastq.gz,26.440238009279653,73.55976199072035,26.50213203356684,73.49786796643316,96877544,73.52881497857676,49,38.1764307,2.709255545,28.5,44.5,30.18714402
Orn,367071,1008PLACE4186,brain,Myiarchus cinerascens,F,Heat,2025-10-20T00:00:00Z,NA,199.0,8.6,2.11,2.07,756.0,P759_MLaub_F06v1_367071_brain_S46_R1_001.fastq.gz,P759_MLaub_F06v1_367071_brain_S46_R2_001.fastq.gz,43.5625197404735,56.4374802595265,45.33891155841067,54.66108844158933,74561596,55.54928435055791,50,38.71888355,2.88696921,29.5,45.5,39.93055556
Orn,367071,1008PLACE4185,heart,Myiarchus cinerascens,F,Heat,2025-10-20T00:00:00Z,NA,73.3,8.5,1.94,0.59,106.2,P759_MLaub_G06v1_367071_heart_S47_R1_001.fastq.gz,P759_MLaub_G06v1_367071_heart_S47_R2_001.fastq.gz,25.444870968642093,74.55512903135791,26.021658331991578,73.97834166800843,79035382,74.26673534968316,48,38.71888355,2.88696921,29.5,45.5,39.93055556
Orn,367071,1008PLACE4184,kidney,Myiarchus cinerascens,F,Heat,2025-10-20T00:00:00Z,NA,68.6,8.3,-,-,-,P759_MLaub_H06v1_367071_kidney_S48_R1_001.fastq.gz,P759_MLaub_H06v1_367071_kidney_S48_R2_001.fastq.gz,33.10324067005857,66.89675932994143,34.88248102618755,65.11751897381245,90410136,66.00713915187694,49,38.71888355,2.88696921,29.5,45.5,39.93055556
Orn,367071,1008PLACE4181,liver,Myiarchus cinerascens,F,Heat,2025-10-20T00:00:00Z,NA,360.0,4.7,1.97,1.49,1097.9,P759_MLaub_A07v1_367071_liver_S49_R1_001.fastq.gz,P759_MLaub_A07v1_367071_liver_S49_R2_001.fastq.gz,23.3584434856823,76.6415565143177,22.833291768830065,77.16670823116993,64827754,76.90413237274382,49,38.71888355,2.88696921,29.5,45.5,39.93055556
Orn,367071,1008PLACE6228,muscle,Myiarchus cinerascens,F,Heat,2025-10-20T00:00:00Z,NA,81.3,8.2,1.81,0.98,130.9,P759_MLaub_B07v1_367071_muscle_S50_R1_001.fastq.gz,P759_MLaub_B07v1_367071_muscle_S50_R2_001.fastq.gz,25.59562809125171,74.40437190874829,25.49810127867819,74.50189872132181,85646244,74.45313531503504,49,38.71888355,2.88696921,29.5,45.5,39.93055556
Orn,367072,1008PLACE4203,brain,Myiarchus cinerascens,M,Control,2025-10-20T00:00:00Z,NA,231.0,8.6,1.88,1.22,312.6,P759_MLaub_C07v1_367072_brain_S51_R1_001.fastq.gz,P759_MLaub_C07v1_367072_brain_S51_R2_001.fastq.gz,43.304593375529315,56.695406624470685,45.635726877188546,54.364273122811454,75057952,55.52983987364107,49,37.19193548,2.28159272,25.5,41,10.48387097
Orn,367072,1008PLACE4202,heart,Myiarchus cinerascens,M,Control,2025-10-20T00:00:00Z,NA,108.0,6.7,1.98,0.88,145.8,P759_MLaub_D07v1_367072_heart_S52_R1_001.fastq.gz,P759_MLaub_D07v1_367072_heart_S52_R2_001.fastq.gz,22.84145563904669,77.15854436095331,23.67195031004985,76.32804968995015,90509290,76.74329702545174,47,37.19193548,2.28159272,25.5,41,10.48387097
Orn,367072,1008PLACE4201,kidney,Myiarchus cinerascens,M,Control,2025-10-20T00:00:00Z,NA,107.0,8.9,1.64,0.87,281.3,P759_MLaub_E07v1_367072_kidney_S53_R1_001.fastq.gz,P759_MLaub_E07v1_367072_kidney_S53_R2_001.fastq.gz,32.16634911888586,67.83365088111414,33.49303188090994,66.50696811909006,87696722,67.17030950010209,49,37.19193548,2.28159272,25.5,41,10.48387097
Orn,367072,1008PLACE4198,liver,Myiarchus cinerascens,M,Control,2025-10-20T00:00:00Z,NA,272.0,6.4,1.96,1.62,800.8,P759_MLaub_F07v1_367072_liver_S54_R1_001.fastq.gz,P759_MLaub_F07v1_367072_liver_S54_R2_001.fastq.gz,23.910279774382783,76.08972022561721,23.21857695584717,76.78142304415283,65752843.99999999,76.43557163488504,50,37.19193548,2.28159272,25.5,41,10.48387097
Orn,367072,1008PLACE4197,muscle,Myiarchus cinerascens,M,Control,2025-10-20T00:00:00Z,NA,126.0,8.7,1.89,1.37,172.0,P759_MLaub_G07v1_367072_muscle_S55_R1_001.fastq.gz,P759_MLaub_G07v1_367072_muscle_S55_R2_001.fastq.gz,24.9150826423282,75.0849173576718,24.830740211705063,75.16925978829494,86165380,75.12708857298337,50,37.19193548,2.28159272,25.5,41,10.48387097
Orn,367073,1008PLACE0808,brain,Myiarchus cinerascens,F,Heat,2025-10-23T00:00:00Z,NA,222.0,9.2,2.07,1.57,639.3,P759_MLaub_H07v1_367073_brain_S56_R1_001.fastq.gz,P759_MLaub_H07v1_367073_brain_S56_R2_001.fastq.gz,41.19022986429865,58.80977013570135,43.389294973306775,56.610705026693225,77609800,57.71023758119729,50,39.69916084,2.801200752,28,45.5,53.56643357
Orn,367073,1008PLACE0807,heart,Myiarchus cinerascens,F,Heat,2025-10-23T00:00:00Z,NA,166.0,8.1,2.03,1.23,224.4,P759_MLaub_A08v1_367073_heart_S57_R1_001.fastq.gz,P759_MLaub_A08v1_367073_heart_S57_R2_001.fastq.gz,28.05443492330579,71.94556507669421,28.428258709527256,71.57174129047274,88467906,71.75865318358349,49,39.69916084,2.801200752,28,45.5,53.56643357
Orn,367073,1008PLACE0806,kidney,Myiarchus cinerascens,F,Heat,2025-10-23T00:00:00Z,NA,146.0,8.7,1.9,1.19,189.1,P759_MLaub_B08v1_367073_kidney_S58_R1_001.fastq.gz,P759_MLaub_B08v1_367073_kidney_S58_R2_001.fastq.gz,33.25899777011428,66.74100222988572,34.873580002386916,65.12641999761308,84486108,65.93371111374941,49,39.69916084,2.801200752,28,45.5,53.56643357
Orn,367073,1008PLACE0803,liver,Myiarchus cinerascens,F,Heat,2025-10-23T00:00:00Z,NA,217.0,6.5,1.91,1.28,333.5,P759_MLaub_C08v1_367073_liver_S59_R1_001.fastq.gz,P759_MLaub_C08v1_367073_liver_S59_R2_001.fastq.gz,23.72003200171862,76.27996799828138,23.075626463700388,76.92437353629961,73141644,76.6021707672905,50,39.69916084,2.801200752,28,45.5,53.56643357
Orn,367073,1008PLACE0802,muscle,Myiarchus cinerascens,F,Heat,2025-10-23T00:00:00Z,NA,194.0,8.5,1.97,1.57,274.9,P759_MLaub_D08v1_367073_muscle_S60_R1_001.fastq.gz,P759_MLaub_D08v1_367073_muscle_S60_R2_001.fastq.gz,29.1450928950495,70.8549071049505,29.520030848874622,70.47996915112537,76680456,70.66743812803796,50,39.69916084,2.801200752,28,45.5,53.56643357
Orn,367074,1008PLACE0847,brain,Thryomanes bewickii,F,Control,2025-10-24T00:00:00Z,NA,281.0,9,1.99,1.9,351.7,P759_MLaub_E08v1_367074_brain_S61_R1_001.fastq.gz,P759_MLaub_E08v1_367074_brain_S61_R2_001.fastq.gz,43.48923796984241,56.51076203015759,46.19793925087187,53.80206074912813,75734512,55.15641138964287,50,37.40499457,1.655339524,30,40.5,4.017372421
Orn,367074,1008PLACE0846,heart,Thryomanes bewickii,F,Control,2025-10-24T00:00:00Z,NA,43.8,8.5,1.85,0.61,74.1,P759_MLaub_F08v1_367074_heart_S62_R1_001.fastq.gz,P759_MLaub_F08v1_367074_heart_S62_R2_001.fastq.gz,28.9608578473904,71.0391421526096,29.859385758020775,70.14061424197922,86909432,70.58987819729441,50,37.40499457,1.655339524,30,40.5,4.017372421
Orn,367074,1008PLACE0845,kidney,Thryomanes bewickii,F,Control,2025-10-24T00:00:00Z,Concentration too low,20.9,8.6,1.78,0.62,51.0,P759_MLaub_G08v1_367074_kidney_S63_R1_001.fastq.gz,P759_MLaub_G08v1_367074_kidney_S63_R2_001.fastq.gz,35.16250745598256,64.83749254401744,36.91760793305443,63.08239206694557,94557170,63.95994230548151,49,37.40499457,1.655339524,30,40.5,4.017372421
Orn,367074,1008PLACE0842,liver,Thryomanes bewickii,F,Control,2025-10-24T00:00:00Z,NA,200.0,8.8,1.92,1.41,275.8,P759_MLaub_H08v1_367074_liver_S64_R1_001.fastq.gz,P759_MLaub_H08v1_367074_liver_S64_R2_001.fastq.gz,27.08882756235333,72.91117243764667,26.42988349786424,73.57011650213576,79480474,73.24064446989122,51,37.40499457,1.655339524,30,40.5,4.017372421
Orn,367074,1008PLACE0841,muscle,Thryomanes bewickii,F,Control,2025-10-24T00:00:00Z,NA,38.3,8.9,1.89,1.09,59.3,P759_MLaub_A09v1_367074_muscle_S65_R1_001.fastq.gz,P759_MLaub_A09v1_367074_muscle_S65_R2_001.fastq.gz,25.17720724791849,74.82279275208151,25.17507618030423,74.82492381969577,76090030,74.82385828588865,51,37.40499457,1.655339524,30,40.5,4.017372421
Orn,367075,1008PLACE0817,brain,Myiarchus cinerascens,M,Control,2025-10-24T00:00:00Z,NA,146.0,9.2,1.97,1.23,215.8,P759_MLaub_B09v1_367075_brain_S66_R1_001.fastq.gz,P759_MLaub_B09v1_367075_brain_S66_R2_001.fastq.gz,40.75720982182086,59.24279017817914,43.3088481454185,56.6911518545815,77136682,57.966971016380306,50,36.15772251,2.006290121,26.5,40,0.17452007
Orn,367075,1008PLACE0816,heart,Myiarchus cinerascens,M,Control,2025-10-24T00:00:00Z,NA,142.0,8.6,2.0,1.47,170.7,P759_MLaub_C09v1_367075_heart_S67_R1_001.fastq.gz,P759_MLaub_C09v1_367075_heart_S67_R2_001.fastq.gz,26.86176496172972,73.13823503827028,27.746319100834157,72.25368089916584,80157782,72.69595796871806,49,36.15772251,2.006290121,26.5,40,0.17452007
Orn,367075,1008PLACE0815,kidney,Myiarchus cinerascens,M,Control,2025-10-24T00:00:00Z,NA,244.0,8.4,1.99,1.57,271.3,P759_MLaub_D09v1_367075_kidney_S68_R1_001.fastq.gz,P759_MLaub_D09v1_367075_kidney_S68_R2_001.fastq.gz,33.188123366922966,66.81187663307703,35.09396957345095,64.90603042654905,88135488,65.85895352981304,49,36.15772251,2.006290121,26.5,40,0.17452007
Orn,367075,1008PLACE0812,liver,Myiarchus cinerascens,M,Control,2025-10-24T00:00:00Z,NA,72.9,8,2.08,2.15,636.8,P759_MLaub_E09v1_367075_liver_S69_R1_001.fastq.gz,P759_MLaub_E09v1_367075_liver_S69_R2_001.fastq.gz,25.985724799404935,74.01427520059507,26.165231751865093,73.8347682481349,84210104,73.924521724365,50,36.15772251,2.006290121,26.5,40,0.17452007
Orn,367075,1008PLACE0811,muscle,Myiarchus cinerascens,M,Control,2025-10-24T00:00:00Z,NA,70.4,8.9,1.97,0.82,95.2,P759_MLaub_F09v1_367075_muscle_S70_R1_001.fastq.gz,P759_MLaub_F09v1_367075_muscle_S70_R2_001.fastq.gz,24.131329532269337,75.86867046773067,24.440888712097077,75.55911128790292,94099698,75.7138908778168,50,36.15772251,2.006290121,26.5,40,0.17452007
Orn,367076,1008PLACE0838,brain,Thryomanes bewickii,F,Control,2025-10-27T00:00:00Z,NA,243.0,9.2,1.99,1.15,240.4,P759_MLaub_G09v1_367076_brain_S71_R1_001.fastq.gz,P759_MLaub_G09v1_367076_brain_S71_R2_001.fastq.gz,41.401388799507245,58.598611200492755,43.645938427075784,56.354061572924216,84687426,57.476336386708496,50,37.74038462,1.524692409,28.5,41,6.971153846
Orn,367076,1008PLACE0837,heart,Thryomanes bewickii,F,Control,2025-10-27T00:00:00Z,NA,27.0,7.9,1.86,0.81,56.7,P759_MLaub_H09v1_367076_heart_S72_R1_001.fastq.gz,P759_MLaub_H09v1_367076_heart_S72_R2_001.fastq.gz,30.66526663218316,69.33473336781684,32.22706609699527,67.77293390300473,81167648,68.55383363541078,49,37.74038462,1.524692409,28.5,41,6.971153846
Orn,367076,1008PLACE0836,kidney,Thryomanes bewickii,F,Control,2025-10-27T00:00:00Z,"Concentration too low, Upper ribsomal fragment has degraded",14.5,8.1,1.6,0.62,51.6,P759_MLaub_A10v1_367076_kidney_S73_R1_001.fastq.gz,P759_MLaub_A10v1_367076_kidney_S73_R2_001.fastq.gz,34.98144712279421,65.01855287720579,37.12018070991755,62.87981929008245,85067327.99999999,63.94918608364413,51,37.74038462,1.524692409,28.5,41,6.971153846
Orn,367076,1008PLACE0833,liver,Thryomanes bewickii,F,Control,2025-10-27T00:00:00Z,NA,75.3,7.9,1.84,1.11,123.8,P759_MLaub_B10v1_367076_liver_S74_R1_001.fastq.gz,P759_MLaub_B10v1_367076_liver_S74_R2_001.fastq.gz,26.267382608795288,73.73261739120471,26.853570938818365,73.14642906118164,79745476,73.43952322619317,49,37.74038462,1.524692409,28.5,41,6.971153846
Orn,367076,1008PLACE0832,muscle,Thryomanes bewickii,F,Control,2025-10-27T00:00:00Z,NA,25.7,9.1,1.58,0.72,103.3,P759_MLaub_C10v1_367076_muscle_S75_R1_001.fastq.gz,P759_MLaub_C10v1_367076_muscle_S75_R2_001.fastq.gz,29.731420267468735,70.26857973253126,30.45911673109873,69.54088326890127,85325280,69.90473150071627,50,37.74038462,1.524692409,28.5,41,6.971153846
Orn,367077,1008PLACE0865,brain,Thryomanes bewickii,F,Heat,2025-10-27T00:00:00Z,NA,172.0,9.3,2.07,2.01,1059.4,P759_MLaub_D10v1_367077_brain_S76_R1_001.fastq.gz,P759_MLaub_D10v1_367077_brain_S76_R2_001.fastq.gz,43.42372406582922,56.57627593417078,46.03167788030408,53.96832211969592,69462976,55.27229902693336,50,39.91436242,3.494478598,29,47.5,53.77181208
Orn,367077,1008PLACE0864,heart,Thryomanes bewickii,F,Heat,2025-10-27T00:00:00Z,NA,44.4,8,1.82,0.89,75.7,P759_MLaub_E10v1_367077_heart_S77_R1_001.fastq.gz,P759_MLaub_E10v1_367077_heart_S77_R2_001.fastq.gz,27.643130177898342,72.35686982210166,28.582917761351283,71.41708223864872,89526158,71.8869760303752,50,39.91436242,3.494478598,29,47.5,53.77181208
Orn,367077,1008PLACE0863,kidney,Thryomanes bewickii,F,Heat,2025-10-27T00:00:00Z,NA,405.0,8.3,1.99,1.93,402.2,P759_MLaub_F10v1_367077_kidney_S78_R1_001.fastq.gz,P759_MLaub_F10v1_367077_kidney_S78_R2_001.fastq.gz,34.247722376696856,65.75227762330314,36.478372501622175,63.521627498377825,91036352,64.63695256084048,50,39.91436242,3.494478598,29,47.5,53.77181208
Orn,367077,1008PLACE0860,liver,Thryomanes bewickii,F,Heat,2025-10-27T00:00:00Z,NA,148.0,8.8,2.04,1.99,800.3,P759_MLaub_G10v1_367077_liver_S79_R1_001.fastq.gz,P759_MLaub_G10v1_367077_liver_S79_R2_001.fastq.gz,29.05764092450684,70.94235907549316,28.58144880030872,71.41855119969128,54861148,71.18045513759222,51,39.91436242,3.494478598,29,47.5,53.77181208
Orn,367077,1008PLACE0859,muscle,Thryomanes bewickii,F,Heat,2025-10-27T00:00:00Z,NA,88.2,9.4,1.96,1.46,111.3,P759_MLaub_H10v1_367077_muscle_S80_R1_001.fastq.gz,P759_MLaub_H10v1_367077_muscle_S80_R2_001.fastq.gz,25.200695675934213,74.79930432406579,25.586434775194743,74.41356522480525,91909544,74.60643477443553,52,39.91436242,3.494478598,29,47.5,53.77181208
Orn,367078,1008PLACE0856,brain,Thryomanes bewickii,M,Heat,2025-11-05T00:00:00Z,NA,30.8,9.3,1.87,0.6,54.3,P759_MLaub_A11v1_367078_brain_S81_R1_001.fastq.gz,P759_MLaub_A11v1_367078_brain_S81_R2_001.fastq.gz,41.95393038837915,58.04606961162085,45.16740821438505,54.83259178561495,69569930,56.439330698617894,51,37.68085106,2.846076261,26,46,24.49848024
Orn,367078,1008PLACE0855,heart,Thryomanes bewickii,M,Heat,2025-10-31T00:00:00Z,NA,54.6,8.3,1.99,0.86,93.2,P759_MLaub_B11v1_367078_heart_S82_R1_001.fastq.gz,P759_MLaub_B11v1_367078_heart_S82_R2_001.fastq.gz,33.19333726859409,66.80666273140591,33.91087573824021,66.08912426175979,68447260,66.44789349658285,50,37.68085106,2.846076261,26,46,24.49848024
Orn,367078,1008PLACE0854,kidney,Thryomanes bewickii,M,Heat,2025-10-31T00:00:00Z,NA,101.0,9.7,2.02,1.17,148.4,P759_MLaub_C11v1_367078_kidney_S83_R1_001.fastq.gz,P759_MLaub_C11v1_367078_kidney_S83_R2_001.fastq.gz,36.23025398446829,63.76974601553171,37.86649184728656,62.13350815271344,77124850,62.95162708412256,51,37.68085106,2.846076261,26,46,24.49848024
Orn,367078,1008PLACE0851,liver,Thryomanes bewickii,M,Heat,2025-10-31T00:00:00Z,NA,188.0,9.2,2.02,1.61,292.9,P759_MLaub_D11v1_367078_liver_S84_R1_001.fastq.gz,P759_MLaub_D11v1_367078_liver_S84_R2_001.fastq.gz,26.361672988547127,73.63832701145287,26.202739421992845,73.79726057800715,78912550,73.71779379473,51,37.68085106,2.846076261,26,46,24.49848024
Orn,367078,1008PLACE0850,muscle,Thryomanes bewickii,M,Heat,2025-10-31T00:00:00Z,Concentration too low,25.0,8.6,1.92,0.33,25.2,P759_MLaub_E11v1_367078_muscle_S85_R1_001.fastq.gz,P759_MLaub_E11v1_367078_muscle_S85_R2_001.fastq.gz,28.66264416748757,71.33735583251243,29.342032581107787,70.65796741889221,79978126,70.9976616257023,50,37.68085106,2.846076261,26,46,24.49848024
Orn,367079,1008PLACE0892,brain,Myiarchus cinerascens,F,Control,2025-11-03T00:00:00Z,Concentration too high,503.0,8.9,2.17,1.95,846.4,P759_MLaub_F11v1_367079_brain_S86_R1_001.fastq.gz,P759_MLaub_F11v1_367079_brain_S86_R2_001.fastq.gz,41.34966186931559,58.65033813068441,44.94420858539841,55.05579141460159,76463628,56.853064772643016,49,36.34724807,2.141999837,26,40.5,1.196490295
Orn,367079,1008PLACE0891,heart,Myiarchus cinerascens,F,Control,2025-11-03T00:00:00Z,NA,64.8,8.8,2.0,0.39,87.1,P759_MLaub_G11v1_367079_heart_S87_R1_001.fastq.gz,P759_MLaub_G11v1_367079_heart_S87_R2_001.fastq.gz,26.214939524583315,73.78506047541669,27.530441904520245,72.46955809547975,63811878,73.12730928544823,48,36.34724807,2.141999837,26,40.5,1.196490295
Orn,367079,1008PLACE0890,kidney,Myiarchus cinerascens,F,Control,2025-11-03T00:00:00Z,NA,175.0,8.8,2.09,1.76,160.5,P759_MLaub_H11v1_367079_kidney_S88_R1_001.fastq.gz,P759_MLaub_H11v1_367079_kidney_S88_R2_001.fastq.gz,33.03184173905984,66.96815826094016,35.677477094805,64.322522905195,71884143.99999999,65.6453405830676,49,36.34724807,2.141999837,26,40.5,1.196490295
Orn,367079,1008PLACE0887,liver,Myiarchus cinerascens,F,Control,2025-11-03T00:00:00Z,NA,288.0,6,2.13,2.18,1454.7,P759_MLaub_A12v1_367079_liver_S89_R1_001.fastq.gz,P759_MLaub_A12v1_367079_liver_S89_R2_001.fastq.gz,26.014295058403164,73.98570494159684,25.547995222533583,74.45200477746641,47552204,74.21885485953162,51,36.34724807,2.141999837,26,40.5,1.196490295
Orn,367079,1008PLACE0886,muscle,Myiarchus cinerascens,F,Control,2025-11-03T00:00:00Z,NA,37.9,9.2,1.88,1.34,66.3,P759_MLaub_B12v1_367079_muscle_S90_R1_001.fastq.gz,P759_MLaub_B12v1_367079_muscle_S90_R2_001.fastq.gz,24.229756601419837,75.77024339858016,24.6445638390461,75.3554361609539,69795174,75.56283977976705,50,36.34724807,2.141999837,26,40.5,1.196490295
Orn,367081,1008PLACE0874,brain,Thryomanes bewickii,F,Heat,2025-11-05T00:00:00Z,Concentration too high,659.0,8.7,2.19,1.56,703.8,P759_MLaub_C12v1_367081_brain_S91_R1_001.fastq.gz,P759_MLaub_C12v1_367081_brain_S91_R2_001.fastq.gz,40.80810620940954,59.19189379059046,43.41585155375669,56.58414844624331,82799118,57.8880211184169,51,39.15381515,3.416044585,26,49,43.06824288
Orn,367081,1008PLACE0873,heart,Thryomanes bewickii,F,Heat,2025-11-05T00:00:00Z,NA,37.5,7.9,1.89,0.8,71.1,P759_MLaub_D12v1_367081_heart_S92_R1_001.fastq.gz,P759_MLaub_D12v1_367081_heart_S92_R2_001.fastq.gz,29.558186076613993,70.44181392338601,30.949716267178516,69.05028373282148,81017232,69.74604882810375,50,39.15381515,3.416044585,26,49,43.06824288
Orn,367081,1008PLACE0872,kidney,Thryomanes bewickii,F,Heat,2025-11-05T00:00:00Z,NA,390.0,9,2.16,1.26,545.2,P759_MLaub_E12v1_367081_kidney_S93_R1_001.fastq.gz,P759_MLaub_E12v1_367081_kidney_S93_R2_001.fastq.gz,35.28738510596628,64.71261489403372,37.1781273452103,62.8218726547897,80592620,63.767243774411696,51,39.15381515,3.416044585,26,49,43.06824288
Orn,367081,1008PLACE0869,liver,Thryomanes bewickii,F,Heat,2025-11-05T00:00:00Z,Concentration too high,520.0,8.3,2.09,1.37,718.4,P759_MLaub_F12v1_367081_liver_S94_R1_001.fastq.gz,P759_MLaub_F12v1_367081_liver_S94_R2_001.fastq.gz,27.195613365491965,72.80438663450803,28.20098061349458,71.79901938650542,75600304,72.30170301050674,50,39.15381515,3.416044585,26,49,43.06824288
Orn,367081,1008PLACE0868,muscle,Thryomanes bewickii,F,Heat,2025-11-05T00:00:00Z,NA,283.0,8.8,2.09,1.9,291.3,P759_MLaub_G12v1_367081_muscle_S95_R1_001.fastq.gz,P759_MLaub_G12v1_367081_muscle_S95_R2_001.fastq.gz,28.625423337158836,71.37457666284116,30.166446025029103,69.8335539749709,55639661.99999999,70.60406531890604,52,39.15381515,3.416044585,26,49,43.06824288
Orn,367084,1008PLACE4292,brain,Thryomanes bewickii,M,Heat,2025-11-06T00:00:00Z,NA,469.0,8.9,2.18,1.83,669.7,P759_MLaub_H12v1_367084_brain_S96_R1_001.fastq.gz,P759_MLaub_H12v1_367084_brain_S96_R2_001.fastq.gz,37.21398327110912,62.78601672889088,40.17423206603211,59.82576793396789,99910768,61.305892331429376,52,39.96696457,3.804083426,26.5,48.5,56.97414619
Orn,367084,1008PLACE4291,heart,Thryomanes bewickii,M,Heat,2025-11-06T00:00:00Z,Concentration too low (really),7.03,0,1.54,0.46,45.3,P767_MLaub_A03v1_367084_heart_S97_R1_001.fastq.gz,P767_MLaub_A03v1_367084_heart_S97_R2_001.fastq.gz,27.94468173402734,72.05531826597266,30.242375376962812,69.75762462303719,86709922,70.90647144450493,49,39.96696457,3.804083426,26.5,48.5,56.97414619
Orn,367084,1008PLACE4290,kidney,Thryomanes bewickii,M,Heat,2025-11-06T00:00:00Z,NA,44.1,9,1.98,0.48,83.7,P767_MLaub_B03v1_367084_kidney_S98_R1_001.fastq.gz,P767_MLaub_B03v1_367084_kidney_S98_R2_001.fastq.gz,33.38388216106932,66.61611783893068,36.85695323154982,63.14304676845018,84111004,64.87958230369043,49,39.96696457,3.804083426,26.5,48.5,56.97414619
Orn,367084,1008PLACE4287,liver,Thryomanes bewickii,M,Heat,2025-11-06T00:00:00Z,NA,242.0,8.4,2.04,1.99,342.8,P767_MLaub_C03v1_367084_liver_S99_R1_001.fastq.gz,P767_MLaub_C03v1_367084_liver_S99_R2_001.fastq.gz,25.961360502965206,74.0386394970348,26.68097380928134,73.31902619071866,75912342,73.67883284387673,50,39.96696457,3.804083426,26.5,48.5,56.97414619
Orn,367084,1008PLACE4286,muscle,Thryomanes bewickii,M,Heat,2025-11-06T00:00:00Z,NA,56.9,9,1.98,1.19,104.7,P767_MLaub_D03v1_367084_muscle_S100_R1_001.fastq.gz,P767_MLaub_D03v1_367084_muscle_S100_R2_001.fastq.gz,27.038063707697077,72.96193629230292,28.215989814967894,71.7840101850321,90534094,72.3729732386675,50,39.96696457,3.804083426,26.5,48.5,56.97414619
Orn,367087,1008PLACE4340,brain,Myiarchus cinerascens,M,Control,2025-11-06T00:00:00Z,NA,341.0,9.1,2.2,1.53,578.9,P767_MLaub_E03v1_367087_brain_S101_R1_001.fastq.gz,P767_MLaub_E03v1_367087_brain_S101_R2_001.fastq.gz,39.312478054779746,60.687521945220254,43.37275887570472,56.62724112429528,84471396,58.65738153475777,48,36.65,2.000896045,26.5,40.5,3.116531165
Orn,367087,1008PLACE4339,heart,Myiarchus cinerascens,M,Control,2025-11-06T00:00:00Z,NA,211.0,8.4,2.02,1.73,252.6,P767_MLaub_F03v1_367087_heart_S102_R1_001.fastq.gz,P767_MLaub_F03v1_367087_heart_S102_R2_001.fastq.gz,23.616115674581437,76.38388432541856,24.835116960731114,75.16488303926889,101704080,75.77438368234372,48,36.65,2.000896045,26.5,40.5,3.116531165
Orn,367087,1008PLACE4338,kidney,Myiarchus cinerascens,M,Control,2025-11-06T00:00:00Z,NA,399.0,9,2.07,0.85,382.7,P767_MLaub_G03v1_367087_kidney_S103_R1_001.fastq.gz,P767_MLaub_G03v1_367087_kidney_S103_R2_001.fastq.gz,28.086299588523573,71.91370041147643,30.112340297631135,69.88765970236886,109554494,70.90068005692265,49,36.65,2.000896045,26.5,40.5,3.116531165
Orn,367087,1008PLACE4335,liver,Myiarchus cinerascens,M,Control,2025-11-06T00:00:00Z,NA,264.0,6.7,2.02,1.72,389.6,P767_MLaub_H03v1_367087_liver_S104_R1_001.fastq.gz,P767_MLaub_H03v1_367087_liver_S104_R2_001.fastq.gz,19.265453392326336,80.73454660767366,19.846592460409823,80.15340753959018,98240586,80.4439770736319,49,36.65,2.000896045,26.5,40.5,3.116531165
Orn,367087,1008PLACE4334,muscle,Myiarchus cinerascens,M,Control,2025-11-06T00:00:00Z,NA,98.3,9.1,1.97,1.46,179.5,P767_MLaub_A04v1_367087_muscle_S105_R1_001.fastq.gz,P767_MLaub_A04v1_367087_muscle_S105_R2_001.fastq.gz,22.087725460031464,77.91227453996854,23.852845139793516,76.14715486020648,81331294,77.02971470008751,47,36.65,2.000896045,26.5,40.5,3.116531165
Orn,367096,1008PLACE4464,brain,Myiarchus cinerascens,M,Control,2025-11-07T00:00:00Z,NA,385.0,9.1,2.18,1.63,593.2,P767_MLaub_B04v1_367096_brain_S106_R1_001.fastq.gz,P767_MLaub_B04v1_367096_brain_S106_R2_001.fastq.gz,37.10779861823917,62.89220138176083,40.55170588473599,59.44829411526401,97273278,61.170247748512416,49,35.90602837,1.55052246,30,39,0
Orn,367096,1008PLACE4463,heart,Myiarchus cinerascens,M,Control,2025-11-07T00:00:00Z,NA,74.3,9,2.01,0.52,97.8,P767_MLaub_C04v1_367096_heart_S107_R1_001.fastq.gz,P767_MLaub_C04v1_367096_heart_S107_R2_001.fastq.gz,23.20428972776145,76.79571027223855,26.027857615593433,73.97214238440657,92099968,75.38392632832256,47,35.90602837,1.55052246,30,39,0
Orn,367096,1008PLACE4462,kidney,Myiarchus cinerascens,M,Control,2025-11-07T00:00:00Z,NA,326.0,8.5,2.03,1.37,260.7,P767_MLaub_D04v1_367096_kidney_S108_R1_001.fastq.gz,P767_MLaub_D04v1_367096_kidney_S108_R2_001.fastq.gz,30.31455948094353,69.68544051905647,33.83625509199911,66.1637449080009,84834586,67.92459271352868,48,35.90602837,1.55052246,30,39,0
Orn,367096,1008PLACE4458,liver,Myiarchus cinerascens,M,Control,2025-11-07T00:00:00Z,NA,294.0,6.8,1.96,1.53,287.9,P767_MLaub_E04v1_367096_liver_S109_R1_001.fastq.gz,P767_MLaub_E04v1_367096_liver_S109_R2_001.fastq.gz,21.766122547709102,78.2338774522909,22.526079741039226,77.47392025896077,87307538,77.85389885562581,49,35.90602837,1.55052246,30,39,0
Orn,367096,1008PLACE4457,muscle,Myiarchus cinerascens,M,Control,2025-11-07T00:00:00Z,Dropped tissue on bottom of fume hood for a few seconds....,326.0,8.5,1.96,0.63,74.0,P767_MLaub_F04v1_367096_muscle_S110_R1_001.fastq.gz,P767_MLaub_F04v1_367096_muscle_S110_R2_001.fastq.gz,21.458948731665473,78.54105126833453,23.05651402464683,76.94348597535317,108551688,77.74226862184385,48,35.90602837,1.55052246,30,39,0
